audit/cross-repo-continuation-20260821	11	ok	245/245 passed	ok	ok
audit/current-truth-20260821	15	ok	245/245 passed	ok	ok
audit/db-adoption-guard-20260822	3	ok	245/245 passed	ok	ok
ci/final-rc-26b1fc0-20260821	1	ok	242/242 passed	ok	ok
ci/final-rc-f45c32c-20260821	1	ok	242/242 passed	ok	ok
fix/account-deletion-resume-red-20260822	6	ok	245/245 passed	ok	ok
fix/android-api36-release-compliance-20260822	4	ok	245/245 passed	ok	ok
fix/api-test-db-safety-20260822	10	ok	245/245 passed	ok	ok
fix/auth-account-deleted-retry-20260822	19	ok	245/245 passed	RED:2	ok
fix/car-header-clean-splice-20260822	35	ok	244/245 passed	RED:2	RED:1
fix/car-header-unified-dock-20260821	1	ok	245/245 passed	ok	ok
fix/car-header-unified-dock-v2-20260821	44	ok	245/245 passed	ok	RED:1
fix/car-header-zero-loss-surgical-20260821	27	ok	244/245 passed	RED:2	RED:1
fix/db-baseline-adoption-20260821	18	ok	245/245 passed	ok	ok
fix/deployment-sot-next-20260821	2	ok	245/245 passed	ok	ok
fix/eas-production-provenance-20260822	1	ok	245/245 passed	ok	ok
fix/gate3-listing-moderation-authority-20260821	4	ok	245/245 passed	ok	ok
fix/maps-bootstrap-fail-closed-20260821	8	ok	245/245 passed	ok	ok
fix/maps-tile-failure-state-v2-20260821	8	ok	242/242 passed	ok	ok
fix/profile-visible-role-authority-red-20260822	2	ok	245/245 passed	ok	ok
fix/profile-visible-role-clean-20260822	1	ok	245/245 passed	ok	ok
fix/recent-search-chrome-20260821	11	ok	242/242 passed	ok	ok
fix/replit-build-integrity-p0-20260822	6	ok	245/245 passed	ok	ok
maint/safe-batch-01	1	ok	242/242 passed	ok	ok
polish/discover-five-portals-20260821	4	ok	245/245 passed	ok	ok
probe/car-header-surgical-exec-790160c	35	ok	245/245 passed	RED:1	RED:1
release/production-assembly-20260821	58	ok	240/245 passed	ok	ok
staging/car-clean-semantic-splice-20260822	35	ok	244/245 passed	RED:2	RED:1
staging/car-header-surgical-splice-20260821	34	ok	244/245 passed	RED:2	RED:1
staging/certify-pr30-pr42-20260822	12	ok	245/245 passed	ok	ok
test/android-notification-icon-red-20260822	1	ok	245/245 passed	ok	ok
test/listing-deletion-retention-red-20260822	2	ok	245/245 passed	ok	ok
test/marketplace-token-normalization-red-20260822	4	ok	245/245 passed	ok	ok
test/push-receipt-p0-red-20260822	19	ok	245/245 passed	ok	ok
test/push-send-retry-p0-red-20260822	10	ok	245/245 passed	ok	ok
tmp/car-guard-byte-preserve-20260822	44	ok	245/245 passed	ok	RED:1
